{
  "version": "2020.1",
  "applications": [],
  "platforms": [],
  "systems": [
    {
      "name": "MicroBlaze-Uart_system",
      "platform": "D:/FPGA_Projects/Workspace/MicroBlaze_Uartlite_wrapper/export/MicroBlaze_Uartlite_wrapper/MicroBlaze_Uartlite_wrapper.xpfm",
      "sysConfig": "MicroBlaze_Uartlite_wrapper",
      "applications": [
        {
          "name": "MicroBlaze-Uart",
          "platform": "D:/FPGA_Projects/Workspace/MicroBlaze_Uartlite_wrapper/export/MicroBlaze_Uartlite_wrapper/MicroBlaze_Uartlite_wrapper.xpfm",
          "platformPath": "D:\\FPGA_Projects\\Workspace\\MicroBlaze_Uartlite_wrapper\\export\\MicroBlaze_Uartlite_wrapper",
          "sysConfig": "MicroBlaze_Uartlite_wrapper",
          "domain": "domain_microblaze_0",
          "system": "MicroBlaze-Uart_system"
        }
      ],
      "platformPath": "D:\\FPGA_Projects\\Workspace\\MicroBlaze_Uartlite_wrapper\\export\\MicroBlaze_Uartlite_wrapper"
    }
  ],
  "others": []
}