{
  "version": "2020.1",
  "applications": [],
  "platforms": [],
  "systems": [
    {
      "name": "MicroBlaze_Uart_Gpio_system",
      "platform": "D:/FPGA_Projects/Workspace/MicroBlaze_Uart_Gpio_wrapper/export/MicroBlaze_Uart_Gpio_wrapper/MicroBlaze_Uart_Gpio_wrapper.xpfm",
      "sysConfig": "MicroBlaze_Uart_Gpio_wrapper",
      "applications": [
        {
          "name": "MicroBlaze_Uart_Gpio",
          "platform": "D:/FPGA_Projects/Workspace/MicroBlaze_Uart_Gpio_wrapper/export/MicroBlaze_Uart_Gpio_wrapper/MicroBlaze_Uart_Gpio_wrapper.xpfm",
          "platformPath": "D:\\FPGA_Projects\\Workspace\\MicroBlaze_Uart_Gpio_wrapper\\export\\MicroBlaze_Uart_Gpio_wrapper",
          "sysConfig": "MicroBlaze_Uart_Gpio_wrapper",
          "domain": "domain_microblaze_0",
          "system": "MicroBlaze_Uart_Gpio_system"
        }
      ],
      "platformPath": "D:\\FPGA_Projects\\Workspace\\MicroBlaze_Uart_Gpio_wrapper\\export\\MicroBlaze_Uart_Gpio_wrapper"
    }
  ],
  "others": []
}