{
  "version": "2020.1",
  "applications": [],
  "platforms": [],
  "systems": [
    {
      "name": "arty_uart_calculator_system",
      "platform": "D:/FPGA_Projects/Workspace/mblz_uart_gpio_wrapper_1/export/mblz_uart_gpio_wrapper_1/mblz_uart_gpio_wrapper_1.xpfm",
      "sysConfig": "mblz_uart_gpio_wrapper_1",
      "applications": [
        {
          "name": "arty_uart_calculator",
          "platform": "D:/FPGA_Projects/Workspace/mblz_uart_gpio_wrapper_1/export/mblz_uart_gpio_wrapper_1/mblz_uart_gpio_wrapper_1.xpfm",
          "platformPath": "D:\\FPGA_Projects\\Workspace\\mblz_uart_gpio_wrapper_1\\export\\mblz_uart_gpio_wrapper_1",
          "sysConfig": "mblz_uart_gpio_wrapper_1",
          "domain": "domain_microblaze_0",
          "system": "arty_uart_calculator_system"
        }
      ],
      "platformPath": "D:\\FPGA_Projects\\Workspace\\mblz_uart_gpio_wrapper_1\\export\\mblz_uart_gpio_wrapper_1"
    }
  ],
  "others": []
}